t2.nii_log-sigma-1-0-mm-3D_firstorder_10Percentile,-0.057277411222457886
t2.nii_log-sigma-1-0-mm-3D_firstorder_90Percentile,0.062292303889989825
t2.nii_log-sigma-1-0-mm-3D_firstorder_Energy,9.29582859805851
t2.nii_log-sigma-1-0-mm-3D_firstorder_Entropy,3.1662712150002394
t2.nii_log-sigma-1-0-mm-3D_firstorder_InterquartileRange,0.057207489386200905
t2.nii_log-sigma-1-0-mm-3D_firstorder_Kurtosis,5.344902949438061
t2.nii_log-sigma-1-0-mm-3D_firstorder_Maximum,0.22586265206336975
t2.nii_log-sigma-1-0-mm-3D_firstorder_Mean,0.001901569413114077
t2.nii_log-sigma-1-0-mm-3D_firstorder_MeanAbsoluteDeviation,0.03768429950372403
t2.nii_log-sigma-1-0-mm-3D_firstorder_Median,0.002100459998473525
t2.nii_log-sigma-1-0-mm-3D_firstorder_Minimum,-0.2149454653263092
t2.nii_log-sigma-1-0-mm-3D_firstorder_Range,0.44080811738967896
t2.nii_log-sigma-1-0-mm-3D_firstorder_RobustMeanAbsoluteDeviation,0.02347921381433466
t2.nii_log-sigma-1-0-mm-3D_firstorder_RootMeanSquared,0.05217334716719964
t2.nii_log-sigma-1-0-mm-3D_firstorder_Skewness,-0.7807396252669497
t2.nii_log-sigma-1-0-mm-3D_firstorder_TotalEnergy,8.155977544988469
t2.nii_log-sigma-1-0-mm-3D_firstorder_Uniformity,0.14332470862121083
t2.nii_log-sigma-1-0-mm-3D_firstorder_Variance,0.002718442188396248
t2.nii_log-sigma-1-0-mm-3D_glcm_Autocorrelation,112.37033203765913
t2.nii_log-sigma-1-0-mm-3D_glcm_ClusterProminence,2349.9740072312243
t2.nii_log-sigma-1-0-mm-3D_glcm_ClusterShade,-85.15414155644692
t2.nii_log-sigma-1-0-mm-3D_glcm_ClusterTendency,21.382402524053795
t2.nii_log-sigma-1-0-mm-3D_glcm_Contrast,1.046902284397501
t2.nii_log-sigma-1-0-mm-3D_glcm_Correlation,0.9064966746590378
t2.nii_log-sigma-1-0-mm-3D_glcm_DifferenceAverage,0.5858241816417776
t2.nii_log-sigma-1-0-mm-3D_glcm_DifferenceEntropy,1.4293911261126324
t2.nii_log-sigma-1-0-mm-3D_glcm_DifferenceVariance,0.6906276391354875
t2.nii_log-sigma-1-0-mm-3D_glcm_Id,0.7600947600877592
t2.nii_log-sigma-1-0-mm-3D_glcm_Idm,0.7476209218343906
t2.nii_log-sigma-1-0-mm-3D_glcm_Idmn,0.9974455514209672
t2.nii_log-sigma-1-0-mm-3D_glcm_Idn,0.9730290445141843
t2.nii_log-sigma-1-0-mm-3D_glcm_Imc1,-0.4492220023134101
t2.nii_log-sigma-1-0-mm-3D_glcm_Imc2,0.9680904268481418
t2.nii_log-sigma-1-0-mm-3D_glcm_InverseVariance,0.3689189241068411
t2.nii_log-sigma-1-0-mm-3D_glcm_JointAverage,10.357916425352219
t2.nii_log-sigma-1-0-mm-3D_glcm_JointEnergy,0.06329473715395756
t2.nii_log-sigma-1-0-mm-3D_glcm_JointEntropy,4.898406659134696
t2.nii_log-sigma-1-0-mm-3D_glcm_MCC,0.9264078854619114
t2.nii_log-sigma-1-0-mm-3D_glcm_MaximumProbability,0.1674953236641626
t2.nii_log-sigma-1-0-mm-3D_glcm_SumAverage,20.715832850704437
t2.nii_log-sigma-1-0-mm-3D_glcm_SumEntropy,4.061459256329375
t2.nii_log-sigma-1-0-mm-3D_glcm_SumSquares,5.607326202112823
t2.nii_log-sigma-1-0-mm-3D_gldm_DependenceEntropy,6.068500152248555
t2.nii_log-sigma-1-0-mm-3D_gldm_DependenceNonUniformity,430.65036603221085
t2.nii_log-sigma-1-0-mm-3D_gldm_DependenceNonUniformityNormalized,0.12610552446038384
t2.nii_log-sigma-1-0-mm-3D_gldm_DependenceVariance,5.183166677027754
t2.nii_log-sigma-1-0-mm-3D_gldm_GrayLevelNonUniformity,489.4538799414348
t2.nii_log-sigma-1-0-mm-3D_gldm_GrayLevelVariance,5.625978747623203
t2.nii_log-sigma-1-0-mm-3D_gldm_HighGrayLevelEmphasis,112.62576866764276
t2.nii_log-sigma-1-0-mm-3D_gldm_LargeDependenceEmphasis,32.3909224011713
t2.nii_log-sigma-1-0-mm-3D_gldm_LargeDependenceHighGrayLevelEmphasis,3701.757833089312
t2.nii_log-sigma-1-0-mm-3D_gldm_LargeDependenceLowGrayLevelEmphasis,0.45152948640986995
t2.nii_log-sigma-1-0-mm-3D_gldm_LowGrayLevelEmphasis,0.018274087979060664
t2.nii_log-sigma-1-0-mm-3D_gldm_SmallDependenceEmphasis,0.09497497355050691
t2.nii_log-sigma-1-0-mm-3D_gldm_SmallDependenceHighGrayLevelEmphasis,9.86548522701744
t2.nii_log-sigma-1-0-mm-3D_gldm_SmallDependenceLowGrayLevelEmphasis,0.0020356338015456036
t2.nii_log-sigma-1-0-mm-3D_glrlm_GrayLevelNonUniformity,189.70395883005583
t2.nii_log-sigma-1-0-mm-3D_glrlm_GrayLevelNonUniformityNormalized,0.11744065995158398
t2.nii_log-sigma-1-0-mm-3D_glrlm_GrayLevelVariance,7.359246486795286
t2.nii_log-sigma-1-0-mm-3D_glrlm_HighGrayLevelRunEmphasis,110.69106608166089
t2.nii_log-sigma-1-0-mm-3D_glrlm_LongRunEmphasis,8.708311551456207
t2.nii_log-sigma-1-0-mm-3D_glrlm_LongRunHighGrayLevelEmphasis,980.1632589676603
t2.nii_log-sigma-1-0-mm-3D_glrlm_LongRunLowGrayLevelEmphasis,0.1281741633855985
t2.nii_log-sigma-1-0-mm-3D_glrlm_LowGrayLevelRunEmphasis,0.02143996693297143
t2.nii_log-sigma-1-0-mm-3D_glrlm_RunEntropy,5.327933853593367
t2.nii_log-sigma-1-0-mm-3D_glrlm_RunLengthNonUniformity,608.9680861430309
t2.nii_log-sigma-1-0-mm-3D_glrlm_RunLengthNonUniformityNormalized,0.36988941294419153
t2.nii_log-sigma-1-0-mm-3D_glrlm_RunPercentage,0.47298682284041
t2.nii_log-sigma-1-0-mm-3D_glrlm_RunVariance,4.036000802590178
t2.nii_log-sigma-1-0-mm-3D_glrlm_ShortRunEmphasis,0.6251361055820894
t2.nii_log-sigma-1-0-mm-3D_glrlm_ShortRunHighGrayLevelEmphasis,67.35060818592503
t2.nii_log-sigma-1-0-mm-3D_glrlm_ShortRunLowGrayLevelEmphasis,0.014453480486463255
t2.nii_log-sigma-1-0-mm-3D_glszm_GrayLevelNonUniformity,27.312101910828027
t2.nii_log-sigma-1-0-mm-3D_glszm_GrayLevelNonUniformityNormalized,0.08698121627652237
t2.nii_log-sigma-1-0-mm-3D_glszm_GrayLevelVariance,10.600277901740437
t2.nii_log-sigma-1-0-mm-3D_glszm_HighGrayLevelZoneEmphasis,100.97133757961784
t2.nii_log-sigma-1-0-mm-3D_glszm_LargeAreaEmphasis,912.4745222929936
t2.nii_log-sigma-1-0-mm-3D_glszm_LargeAreaHighGrayLevelEmphasis,105151.16242038217
t2.nii_log-sigma-1-0-mm-3D_glszm_LargeAreaLowGrayLevelEmphasis,9.111456907837248
t2.nii_log-sigma-1-0-mm-3D_glszm_LowGrayLevelZoneEmphasis,0.025773677451737413
t2.nii_log-sigma-1-0-mm-3D_glszm_SizeZoneNonUniformity,51.388535031847134
t2.nii_log-sigma-1-0-mm-3D_glszm_SizeZoneNonUniformityNormalized,0.16365775487849404
t2.nii_log-sigma-1-0-mm-3D_glszm_SmallAreaEmphasis,0.41024380617618605
t2.nii_log-sigma-1-0-mm-3D_glszm_SmallAreaHighGrayLevelEmphasis,39.2486257853826
t2.nii_log-sigma-1-0-mm-3D_glszm_SmallAreaLowGrayLevelEmphasis,0.008276370909605505
t2.nii_log-sigma-1-0-mm-3D_glszm_ZoneEntropy,6.650566078262024
t2.nii_log-sigma-1-0-mm-3D_glszm_ZonePercentage,0.09194729136163983
t2.nii_log-sigma-1-0-mm-3D_glszm_ZoneVariance,794.1915797801128
t2.nii_log-sigma-1-0-mm-3D_ngtdm_Busyness,0.4677764055717294
t2.nii_log-sigma-1-0-mm-3D_ngtdm_Coarseness,0.008084033320646012
t2.nii_log-sigma-1-0-mm-3D_ngtdm_Complexity,49.013458332499795
t2.nii_log-sigma-1-0-mm-3D_ngtdm_Contrast,0.01022912316872827
t2.nii_log-sigma-1-0-mm-3D_ngtdm_Strength,1.3444946831510802
t2.nii_log-sigma-3-0-mm-3D_firstorder_10Percentile,-0.11797145009040833
t2.nii_log-sigma-3-0-mm-3D_firstorder_90Percentile,0.11935985237359999
t2.nii_log-sigma-3-0-mm-3D_firstorder_Energy,28.014185519076914
t2.nii_log-sigma-3-0-mm-3D_firstorder_Entropy,4.048018810572153
t2.nii_log-sigma-3-0-mm-3D_firstorder_InterquartileRange,0.13689203932881355
t2.nii_log-sigma-3-0-mm-3D_firstorder_Kurtosis,2.3479769952708103
t2.nii_log-sigma-3-0-mm-3D_firstorder_Maximum,0.17947641015052795
t2.nii_log-sigma-3-0-mm-3D_firstorder_Mean,-0.0018451104128800945
t2.nii_log-sigma-3-0-mm-3D_firstorder_MeanAbsoluteDeviation,0.07584992361140766
t2.nii_log-sigma-3-0-mm-3D_firstorder_Median,-0.003579917596653104
t2.nii_log-sigma-3-0-mm-3D_firstorder_Minimum,-0.25095313787460327
t2.nii_log-sigma-3-0-mm-3D_firstorder_Range,0.4304295480251312
t2.nii_log-sigma-3-0-mm-3D_firstorder_RobustMeanAbsoluteDeviation,0.056508805241498566
t2.nii_log-sigma-3-0-mm-3D_firstorder_RootMeanSquared,0.09057193499214668
t2.nii_log-sigma-3-0-mm-3D_firstorder_Skewness,-0.08557470894948889
t2.nii_log-sigma-3-0-mm-3D_firstorder_TotalEnergy,24.579096486616862
t2.nii_log-sigma-3-0-mm-3D_firstorder_Uniformity,0.06587002051495318
t2.nii_log-sigma-3-0-mm-3D_firstorder_Variance,0.008199870975785926
t2.nii_log-sigma-3-0-mm-3D_glcm_Autocorrelation,165.31264671046748
t2.nii_log-sigma-3-0-mm-3D_glcm_ClusterProminence,11399.320355504136
t2.nii_log-sigma-3-0-mm-3D_glcm_ClusterShade,-53.22396981067912
t2.nii_log-sigma-3-0-mm-3D_glcm_ClusterTendency,69.94040948190113
t2.nii_log-sigma-3-0-mm-3D_glcm_Contrast,0.5239641667151984
t2.nii_log-sigma-3-0-mm-3D_glcm_Correlation,0.9851262465691618
t2.nii_log-sigma-3-0-mm-3D_glcm_DifferenceAverage,0.4712920581654297
t2.nii_log-sigma-3-0-mm-3D_glcm_DifferenceEntropy,1.1133193297960715
t2.nii_log-sigma-3-0-mm-3D_glcm_DifferenceVariance,0.29715543037799913
t2.nii_log-sigma-3-0-mm-3D_glcm_Id,0.77313265567558
t2.nii_log-sigma-3-0-mm-3D_glcm_Idm,0.769621181772262
t2.nii_log-sigma-3-0-mm-3D_glcm_Idmn,0.9986953069633981
t2.nii_log-sigma-3-0-mm-3D_glcm_Idn,0.9776715299327063
t2.nii_log-sigma-3-0-mm-3D_glcm_Imc1,-0.6266210646083095
t2.nii_log-sigma-3-0-mm-3D_glcm_Imc2,0.996704870407698
t2.nii_log-sigma-3-0-mm-3D_glcm_InverseVariance,0.42520396318438214
t2.nii_log-sigma-3-0-mm-3D_glcm_JointAverage,12.163804749097093
t2.nii_log-sigma-3-0-mm-3D_glcm_JointEnergy,0.027137760911106954
t2.nii_log-sigma-3-0-mm-3D_glcm_JointEntropy,5.550321647008471
t2.nii_log-sigma-3-0-mm-3D_glcm_MCC,0.9860449538042362
t2.nii_log-sigma-3-0-mm-3D_glcm_MaximumProbability,0.06114996330088432
t2.nii_log-sigma-3-0-mm-3D_glcm_SumAverage,24.327609498194185
t2.nii_log-sigma-3-0-mm-3D_glcm_SumEntropy,4.983946871101912
t2.nii_log-sigma-3-0-mm-3D_glcm_SumSquares,17.616093412154083
t2.nii_log-sigma-3-0-mm-3D_gldm_DependenceEntropy,6.681717959677041
t2.nii_log-sigma-3-0-mm-3D_gldm_DependenceNonUniformity,557.1926793557833
t2.nii_log-sigma-3-0-mm-3D_gldm_DependenceNonUniformityNormalized,0.16316037462834065
t2.nii_log-sigma-3-0-mm-3D_gldm_DependenceVariance,3.293990126240919
t2.nii_log-sigma-3-0-mm-3D_gldm_GrayLevelNonUniformity,224.94612005856516
t2.nii_log-sigma-3-0-mm-3D_gldm_GrayLevelVariance,17.73595124429515
t2.nii_log-sigma-3-0-mm-3D_gldm_HighGrayLevelEmphasis,163.42049780380674
t2.nii_log-sigma-3-0-mm-3D_gldm_LargeDependenceEmphasis,30.306588579795022
t2.nii_log-sigma-3-0-mm-3D_gldm_LargeDependenceHighGrayLevelEmphasis,5051.56046852123
t2.nii_log-sigma-3-0-mm-3D_gldm_LargeDependenceLowGrayLevelEmphasis,0.5348643506256434
t2.nii_log-sigma-3-0-mm-3D_gldm_LowGrayLevelEmphasis,0.016984302654732702
t2.nii_log-sigma-3-0-mm-3D_gldm_SmallDependenceEmphasis,0.058759125766786297
t2.nii_log-sigma-3-0-mm-3D_gldm_SmallDependenceHighGrayLevelEmphasis,9.341846095767083
t2.nii_log-sigma-3-0-mm-3D_gldm_SmallDependenceLowGrayLevelEmphasis,0.0008705455845186952
t2.nii_log-sigma-3-0-mm-3D_glrlm_GrayLevelNonUniformity,110.09600092293425
t2.nii_log-sigma-3-0-mm-3D_glrlm_GrayLevelNonUniformityNormalized,0.06776065338171909
t2.nii_log-sigma-3-0-mm-3D_glrlm_GrayLevelVariance,16.724295490613788
t2.nii_log-sigma-3-0-mm-3D_glrlm_HighGrayLevelRunEmphasis,161.1471814963484
t2.nii_log-sigma-3-0-mm-3D_glrlm_LongRunEmphasis,7.7383329596107835
t2.nii_log-sigma-3-0-mm-3D_glrlm_LongRunHighGrayLevelEmphasis,1277.0888786608186
t2.nii_log-sigma-3-0-mm-3D_glrlm_LongRunLowGrayLevelEmphasis,0.11999761070710373
t2.nii_log-sigma-3-0-mm-3D_glrlm_LowGrayLevelRunEmphasis,0.016263015357493332
t2.nii_log-sigma-3-0-mm-3D_glrlm_RunEntropy,5.895334433194649
t2.nii_log-sigma-3-0-mm-3D_glrlm_RunLengthNonUniformity,573.2299252473767
t2.nii_log-sigma-3-0-mm-3D_glrlm_RunLengthNonUniformityNormalized,0.34689786317500226
t2.nii_log-sigma-3-0-mm-3D_glrlm_RunPercentage,0.4753294289897511
t2.nii_log-sigma-3-0-mm-3D_glrlm_RunVariance,3.1553513168241585
t2.nii_log-sigma-3-0-mm-3D_glrlm_ShortRunEmphasis,0.5738946986021695
t2.nii_log-sigma-3-0-mm-3D_glrlm_ShortRunHighGrayLevelEmphasis,92.0727028270995
t2.nii_log-sigma-3-0-mm-3D_glrlm_ShortRunLowGrayLevelEmphasis,0.007890023041177236
t2.nii_log-sigma-3-0-mm-3D_glszm_GrayLevelNonUniformity,8.48031496062992
t2.nii_log-sigma-3-0-mm-3D_glszm_GrayLevelNonUniformityNormalized,0.0667741335482671
t2.nii_log-sigma-3-0-mm-3D_glszm_GrayLevelVariance,17.388802777605555
t2.nii_log-sigma-3-0-mm-3D_glszm_HighGrayLevelZoneEmphasis,143.46456692913387
t2.nii_log-sigma-3-0-mm-3D_glszm_LargeAreaEmphasis,1652.1653543307086
t2.nii_log-sigma-3-0-mm-3D_glszm_LargeAreaHighGrayLevelEmphasis,271722.13385826774
t2.nii_log-sigma-3-0-mm-3D_glszm_LargeAreaLowGrayLevelEmphasis,18.70890280738906
t2.nii_log-sigma-3-0-mm-3D_glszm_LowGrayLevelZoneEmphasis,0.02353006703839546
t2.nii_log-sigma-3-0-mm-3D_glszm_SizeZoneNonUniformity,4.102362204724409
t2.nii_log-sigma-3-0-mm-3D_glszm_SizeZoneNonUniformityNormalized,0.03230206460412921
t2.nii_log-sigma-3-0-mm-3D_glszm_SmallAreaEmphasis,0.12470949548468266
t2.nii_log-sigma-3-0-mm-3D_glszm_SmallAreaHighGrayLevelEmphasis,19.09249551387457
t2.nii_log-sigma-3-0-mm-3D_glszm_SmallAreaLowGrayLevelEmphasis,0.00198357701690132
t2.nii_log-sigma-3-0-mm-3D_glszm_ZoneEntropy,6.740576222171131
t2.nii_log-sigma-3-0-mm-3D_glszm_ZonePercentage,0.03718887262079063
t2.nii_log-sigma-3-0-mm-3D_glszm_ZoneVariance,929.1059582119165
t2.nii_log-sigma-3-0-mm-3D_ngtdm_Busyness,0.3385968361811076
t2.nii_log-sigma-3-0-mm-3D_ngtdm_Coarseness,0.0163073561553587
t2.nii_log-sigma-3-0-mm-3D_ngtdm_Complexity,41.858267352220246
t2.nii_log-sigma-3-0-mm-3D_ngtdm_Contrast,0.02575574570860201
t2.nii_log-sigma-3-0-mm-3D_ngtdm_Strength,2.269082532225491
t2.nii_log-sigma-5-0-mm-3D_firstorder_10Percentile,-0.1813188076019287
t2.nii_log-sigma-5-0-mm-3D_firstorder_90Percentile,0.054946132749319074
t2.nii_log-sigma-5-0-mm-3D_firstorder_Energy,39.41241085727853
t2.nii_log-sigma-5-0-mm-3D_firstorder_Entropy,4.163889695031544
t2.nii_log-sigma-5-0-mm-3D_firstorder_InterquartileRange,0.16908312682062387
t2.nii_log-sigma-5-0-mm-3D_firstorder_Kurtosis,1.721873481121955
t2.nii_log-sigma-5-0-mm-3D_firstorder_Maximum,0.08366979658603668
t2.nii_log-sigma-5-0-mm-3D_firstorder_Mean,-0.05832236153497463
t2.nii_log-sigma-5-0-mm-3D_firstorder_MeanAbsoluteDeviation,0.08002600253471764
t2.nii_log-sigma-5-0-mm-3D_firstorder_Median,-0.046001557260751724
t2.nii_log-sigma-5-0-mm-3D_firstorder_Minimum,-0.2589455842971802
t2.nii_log-sigma-5-0-mm-3D_firstorder_Range,0.34261538088321686
t2.nii_log-sigma-5-0-mm-3D_firstorder_RobustMeanAbsoluteDeviation,0.06586825639509411
t2.nii_log-sigma-5-0-mm-3D_firstorder_RootMeanSquared,0.10742890441742173
t2.nii_log-sigma-5-0-mm-3D_firstorder_Skewness,-0.1921133967320753
t2.nii_log-sigma-5-0-mm-3D_firstorder_TotalEnergy,34.57967566365838
t2.nii_log-sigma-5-0-mm-3D_firstorder_Uniformity,0.059246070110977975
t2.nii_log-sigma-5-0-mm-3D_firstorder_Variance,0.008139471649311246
t2.nii_log-sigma-5-0-mm-3D_glcm_Autocorrelation,177.9945586797549
t2.nii_log-sigma-5-0-mm-3D_glcm_ClusterProminence,21004.947957493063
t2.nii_log-sigma-5-0-mm-3D_glcm_ClusterShade,-226.7488425379688
t2.nii_log-sigma-5-0-mm-3D_glcm_ClusterTendency,110.50538042868746
t2.nii_log-sigma-5-0-mm-3D_glcm_Contrast,0.36192611082921183
t2.nii_log-sigma-5-0-mm-3D_glcm_Correlation,0.9934685120409316
t2.nii_log-sigma-5-0-mm-3D_glcm_DifferenceAverage,0.3564391327077033
t2.nii_log-sigma-5-0-mm-3D_glcm_DifferenceEntropy,0.9177393172191682
t2.nii_log-sigma-5-0-mm-3D_glcm_DifferenceVariance,0.2215227328537239
t2.nii_log-sigma-5-0-mm-3D_glcm_Id,0.8226949299997331
t2.nii_log-sigma-5-0-mm-3D_glcm_Idm,0.8223291314582992
t2.nii_log-sigma-5-0-mm-3D_glcm_Idmn,0.9990976443365209
t2.nii_log-sigma-5-0-mm-3D_glcm_Idn,0.9830385845423205
t2.nii_log-sigma-5-0-mm-3D_glcm_Imc1,-0.7082678722773542
t2.nii_log-sigma-5-0-mm-3D_glcm_Imc2,0.9985095237618116
t2.nii_log-sigma-5-0-mm-3D_glcm_InverseVariance,0.3516380268513833
t2.nii_log-sigma-5-0-mm-3D_glcm_JointAverage,12.266152814193054
t2.nii_log-sigma-5-0-mm-3D_glcm_JointEnergy,0.031603942559012235
t2.nii_log-sigma-5-0-mm-3D_glcm_JointEntropy,5.36950422313839
t2.nii_log-sigma-5-0-mm-3D_glcm_MCC,0.9942306009637152
t2.nii_log-sigma-5-0-mm-3D_glcm_MaximumProbability,0.06892166842318263
t2.nii_log-sigma-5-0-mm-3D_glcm_SumAverage,24.53230562838611
t2.nii_log-sigma-5-0-mm-3D_glcm_SumEntropy,5.000488569728155
t2.nii_log-sigma-5-0-mm-3D_glcm_SumSquares,27.716826634879176
t2.nii_log-sigma-5-0-mm-3D_gldm_DependenceEntropy,6.695257997487062
t2.nii_log-sigma-5-0-mm-3D_gldm_DependenceNonUniformity,566.0494875549049
t2.nii_log-sigma-5-0-mm-3D_gldm_DependenceNonUniformityNormalized,0.1657538762971903
t2.nii_log-sigma-5-0-mm-3D_gldm_DependenceVariance,3.344930662888085
t2.nii_log-sigma-5-0-mm-3D_gldm_GrayLevelNonUniformity,202.32532942898976
t2.nii_log-sigma-5-0-mm-3D_gldm_GrayLevelVariance,27.810717594627096
t2.nii_log-sigma-5-0-mm-3D_gldm_HighGrayLevelEmphasis,177.10834553440702
t2.nii_log-sigma-5-0-mm-3D_gldm_LargeDependenceEmphasis,38.02547584187408
t2.nii_log-sigma-5-0-mm-3D_gldm_LargeDependenceHighGrayLevelEmphasis,7332.9818448023425
t2.nii_log-sigma-5-0-mm-3D_gldm_LargeDependenceLowGrayLevelEmphasis,0.81764335915059
t2.nii_log-sigma-5-0-mm-3D_gldm_LowGrayLevelEmphasis,0.022122186164775414
t2.nii_log-sigma-5-0-mm-3D_gldm_SmallDependenceEmphasis,0.042466307375940995
t2.nii_log-sigma-5-0-mm-3D_gldm_SmallDependenceHighGrayLevelEmphasis,6.893001671353427
t2.nii_log-sigma-5-0-mm-3D_gldm_SmallDependenceLowGrayLevelEmphasis,0.0009088860205099158
t2.nii_log-sigma-5-0-mm-3D_glrlm_GrayLevelNonUniformity,77.57596871101893
t2.nii_log-sigma-5-0-mm-3D_glrlm_GrayLevelNonUniformityNormalized,0.05823538349543273
t2.nii_log-sigma-5-0-mm-3D_glrlm_GrayLevelVariance,23.58563596052599
t2.nii_log-sigma-5-0-mm-3D_glrlm_HighGrayLevelRunEmphasis,160.59651230717498
t2.nii_log-sigma-5-0-mm-3D_glrlm_LongRunEmphasis,14.575712262204593
t2.nii_log-sigma-5-0-mm-3D_glrlm_LongRunHighGrayLevelEmphasis,2948.884068559429
t2.nii_log-sigma-5-0-mm-3D_glrlm_LongRunLowGrayLevelEmphasis,0.2617174160337005
t2.nii_log-sigma-5-0-mm-3D_glrlm_LowGrayLevelRunEmphasis,0.023224585907380725
t2.nii_log-sigma-5-0-mm-3D_glrlm_RunEntropy,6.321627545667355
t2.nii_log-sigma-5-0-mm-3D_glrlm_RunLengthNonUniformity,390.40120259916716
t2.nii_log-sigma-5-0-mm-3D_glrlm_RunLengthNonUniformityNormalized,0.2691374097412311
t2.nii_log-sigma-5-0-mm-3D_glrlm_RunPercentage,0.38887262079062956
t2.nii_log-sigma-5-0-mm-3D_glrlm_RunVariance,6.1090713398662135
t2.nii_log-sigma-5-0-mm-3D_glrlm_ShortRunEmphasis,0.43477484749013623
t2.nii_log-sigma-5-0-mm-3D_glrlm_ShortRunHighGrayLevelEmphasis,65.15637600725786
t2.nii_log-sigma-5-0-mm-3D_glrlm_ShortRunLowGrayLevelEmphasis,0.009133153104539025
t2.nii_log-sigma-5-0-mm-3D_glszm_GrayLevelNonUniformity,4.703703703703703
t2.nii_log-sigma-5-0-mm-3D_glszm_GrayLevelNonUniformityNormalized,0.058070416095107456
t2.nii_log-sigma-5-0-mm-3D_glszm_GrayLevelVariance,24.39628105471727
t2.nii_log-sigma-5-0-mm-3D_glszm_HighGrayLevelZoneEmphasis,157.64197530864197
t2.nii_log-sigma-5-0-mm-3D_glszm_LargeAreaEmphasis,3074.5061728395062
t2.nii_log-sigma-5-0-mm-3D_glszm_LargeAreaHighGrayLevelEmphasis,639673.7654320988
t2.nii_log-sigma-5-0-mm-3D_glszm_LargeAreaLowGrayLevelEmphasis,46.40057313284077
t2.nii_log-sigma-5-0-mm-3D_glszm_LowGrayLevelZoneEmphasis,0.031551699936495474
t2.nii_log-sigma-5-0-mm-3D_glszm_SizeZoneNonUniformity,1.8395061728395061
t2.nii_log-sigma-5-0-mm-3D_glszm_SizeZoneNonUniformityNormalized,0.022709952751105014
t2.nii_log-sigma-5-0-mm-3D_glszm_SmallAreaEmphasis,0.06872497832339834
t2.nii_log-sigma-5-0-mm-3D_glszm_SmallAreaHighGrayLevelEmphasis,12.721663432856715
t2.nii_log-sigma-5-0-mm-3D_glszm_SmallAreaLowGrayLevelEmphasis,0.001180415886899679
t2.nii_log-sigma-5-0-mm-3D_glszm_ZoneEntropy,6.191701854736452
t2.nii_log-sigma-5-0-mm-3D_glszm_ZonePercentage,0.023718887262079064
t2.nii_log-sigma-5-0-mm-3D_glszm_ZoneVariance,1296.998933089468
t2.nii_log-sigma-5-0-mm-3D_ngtdm_Busyness,0.23731308153233371
t2.nii_log-sigma-5-0-mm-3D_ngtdm_Coarseness,0.020776637157506883
t2.nii_log-sigma-5-0-mm-3D_ngtdm_Complexity,35.85362933911791
t2.nii_log-sigma-5-0-mm-3D_ngtdm_Contrast,0.03559141583204772
t2.nii_log-sigma-5-0-mm-3D_ngtdm_Strength,3.0836346868394817
t2.nii_original_firstorder_10Percentile,0.2687771191101876
t2.nii_original_firstorder_90Percentile,0.6802542321090265
t2.nii_original_firstorder_Energy,910.6979348500194
t2.nii_original_firstorder_Entropy,3.856197338416361
t2.nii_original_firstorder_InterquartileRange,0.261504614068325
t2.nii_original_firstorder_Kurtosis,2.101507345278853
t2.nii_original_firstorder_Maximum,0.850027501069486
t2.nii_original_firstorder_Mean,0.49180117375477245
t2.nii_original_firstorder_MeanAbsoluteDeviation,0.13476726808297784
t2.nii_original_firstorder_Median,0.517447900751696
t2.nii_original_firstorder_Minimum,0.02334535231925686
t2.nii_original_firstorder_Range,0.8266821487502292
t2.nii_original_firstorder_RobustMeanAbsoluteDeviation,0.10505525274992804
t2.nii_original_firstorder_RootMeanSquared,0.5164066448028063
t2.nii_original_firstorder_Skewness,-0.14125639162362721
t2.nii_original_firstorder_TotalEnergy,799.0284920330217
t2.nii_original_firstorder_Uniformity,0.07612569642585355
t2.nii_original_firstorder_Variance,0.024807428289919872
t2.nii_original_glcm_Autocorrelation,153.25495654853603
t2.nii_original_glcm_ClusterProminence,6613.413981514523
t2.nii_original_glcm_ClusterShade,-55.0253003652377
t2.nii_original_glcm_ClusterTendency,57.07867010269043
t2.nii_original_glcm_Contrast,1.0244415910219118
t2.nii_original_glcm_Correlation,0.9646764256331699
t2.nii_original_glcm_DifferenceAverage,0.6007898482093378
t2.nii_original_glcm_DifferenceEntropy,1.417172436189217
t2.nii_original_glcm_DifferenceVariance,0.6516854586456954
t2.nii_original_glcm_Id,0.7472174184865872
t2.nii_original_glcm_Idm,0.7354744277994659
t2.nii_original_glcm_Idmn,0.9975093597988008
t2.nii_original_glcm_Idn,0.9722302115456068
t2.nii_original_glcm_Imc1,-0.5338212988621885
t2.nii_original_glcm_Imc2,0.9910291804012887
t2.nii_original_glcm_InverseVariance,0.40248628654111995
t2.nii_original_glcm_JointAverage,11.800056234963346
t2.nii_original_glcm_JointEnergy,0.029279966620205974
t2.nii_original_glcm_JointEntropy,5.63645556868749
t2.nii_original_glcm_MCC,0.9685696754469204
t2.nii_original_glcm_MaximumProbability,0.07127019204839413
t2.nii_original_glcm_SumAverage,23.600112469926692
t2.nii_original_glcm_SumEntropy,4.778185930934093
t2.nii_original_glcm_SumSquares,14.52577792342809
t2.nii_original_gldm_DependenceEntropy,6.754784022600023
t2.nii_original_gldm_DependenceNonUniformity,446.6327964860908
t2.nii_original_gldm_DependenceNonUniformityNormalized,0.13078559194321837
t2.nii_original_gldm_DependenceVariance,4.495458113696143
t2.nii_original_gldm_GrayLevelNonUniformity,259.9692532942899
t2.nii_original_gldm_GrayLevelVariance,14.680357307460627
t2.nii_original_gldm_HighGrayLevelEmphasis,154.84099560761348
t2.nii_original_gldm_LargeDependenceEmphasis,29.477891654465594
t2.nii_original_gldm_LargeDependenceHighGrayLevelEmphasis,4806.708052708638
t2.nii_original_gldm_LargeDependenceLowGrayLevelEmphasis,0.3187681411830207
t2.nii_original_gldm_LowGrayLevelEmphasis,0.012233753315608251
t2.nii_original_gldm_SmallDependenceEmphasis,0.09502960152934879
t2.nii_original_gldm_SmallDependenceHighGrayLevelEmphasis,13.199986747402178
t2.nii_original_gldm_SmallDependenceLowGrayLevelEmphasis,0.0013918225006895673
t2.nii_original_glrlm_GrayLevelNonUniformity,126.48339105184354
t2.nii_original_glrlm_GrayLevelNonUniformityNormalized,0.07409160612638434
t2.nii_original_glrlm_GrayLevelVariance,13.926171665637957
t2.nii_original_glrlm_HighGrayLevelRunEmphasis,148.49178280282828
t2.nii_original_glrlm_LongRunEmphasis,6.899670826012914
t2.nii_original_glrlm_LongRunHighGrayLevelEmphasis,1111.2043346410164
t2.nii_original_glrlm_LongRunLowGrayLevelEmphasis,0.07770807440487541
t2.nii_original_glrlm_LowGrayLevelRunEmphasis,0.013348231223313953
t2.nii_original_glrlm_RunEntropy,5.732832203755448
t2.nii_original_glrlm_RunLengthNonUniformity,641.5165499649696
t2.nii_original_glrlm_RunLengthNonUniformityNormalized,0.3693698643394044
t2.nii_original_glrlm_RunPercentage,0.5002196193265007
t2.nii_original_glrlm_RunVariance,2.7732346600105817
t2.nii_original_glrlm_ShortRunEmphasis,0.6216636914714339
t2.nii_original_glrlm_ShortRunHighGrayLevelEmphasis,88.68354873307834
t2.nii_original_glrlm_ShortRunLowGrayLevelEmphasis,0.009090212318558086
t2.nii_original_glszm_GrayLevelNonUniformity,25.51875
t2.nii_original_glszm_GrayLevelNonUniformityNormalized,0.07974609375
t2.nii_original_glszm_GrayLevelVariance,12.533974609375
t2.nii_original_glszm_HighGrayLevelZoneEmphasis,137.065625
t2.nii_original_glszm_LargeAreaEmphasis,562.240625
t2.nii_original_glszm_LargeAreaHighGrayLevelEmphasis,92598.7
t2.nii_original_glszm_LargeAreaLowGrayLevelEmphasis,5.64149664998883
t2.nii_original_glszm_LowGrayLevelZoneEmphasis,0.016115293959926953
t2.nii_original_glszm_SizeZoneNonUniformity,45.43125
t2.nii_original_glszm_SizeZoneNonUniformityNormalized,0.14197265625
t2.nii_original_glszm_SmallAreaEmphasis,0.372923931778539
t2.nii_original_glszm_SmallAreaHighGrayLevelEmphasis,46.909192774827424
t2.nii_original_glszm_SmallAreaLowGrayLevelEmphasis,0.005403473825256193
t2.nii_original_glszm_ZoneEntropy,6.646502954042849
t2.nii_original_glszm_ZonePercentage,0.09370424597364568
t2.nii_original_glszm_ZoneVariance,448.351708984375
t2.nii_original_ngtdm_Busyness,0.37965993197967407
t2.nii_original_ngtdm_Coarseness,0.011978431607485728
t2.nii_original_ngtdm_Complexity,53.839984670948205
t2.nii_original_ngtdm_Contrast,0.02630555921421113
t2.nii_original_ngtdm_Strength,1.71065825352264
t2.nii_original_shape_Elongation,0.6077778948704246
t2.nii_original_shape_Flatness,0.48227577725655063
t2.nii_original_shape_LeastAxisLength,12.608412850028115
t2.nii_original_shape_MajorAxisLength,26.143574785679032
t2.nii_original_shape_Maximum2DDiameterColumn,28.712543535012706
t2.nii_original_shape_Maximum2DDiameterRow,28.480432050192373
t2.nii_original_shape_Maximum2DDiameterSlice,18.40917448116903
t2.nii_original_shape_Maximum3DDiameter,29.560930851590246
t2.nii_original_shape_MeshVolume,2961.414655049642
t2.nii_original_shape_MinorAxisLength,15.889486847627515
t2.nii_original_shape_Sphericity,0.6201193833389569
t2.nii_original_shape_SurfaceArea,1608.2058299431574
t2.nii_original_shape_SurfaceVolumeRatio,0.5430532422067045
t2.nii_original_shape_VoxelVolume,2997.13134765625
t2.nii_wavelet-HH_firstorder_10Percentile,-0.003977207911864454
t2.nii_wavelet-HH_firstorder_90Percentile,0.004136999248720192
t2.nii_wavelet-HH_firstorder_Energy,0.0406823820389948
t2.nii_wavelet-HH_firstorder_Entropy,2.442692860548712
t2.nii_wavelet-HH_firstorder_InterquartileRange,0.004221446877566325
t2.nii_wavelet-HH_firstorder_Kurtosis,6.5418989997568895
t2.nii_wavelet-HH_firstorder_Maximum,0.03137482648663028
t2.nii_wavelet-HH_firstorder_Mean,3.208281452705052e-05
t2.nii_wavelet-HH_firstorder_MeanAbsoluteDeviation,0.0026160678223146913
t2.nii_wavelet-HH_firstorder_Median,-1.2147607457759722e-07
t2.nii_wavelet-HH_firstorder_Minimum,-0.021251297998012824
t2.nii_wavelet-HH_firstorder_Range,0.0526261244846431
t2.nii_wavelet-HH_firstorder_RobustMeanAbsoluteDeviation,0.0017535499529203636
t2.nii_wavelet-HH_firstorder_RootMeanSquared,0.0034514996438938473
t2.nii_wavelet-HH_firstorder_Skewness,0.11915094522474122
t2.nii_wavelet-HH_firstorder_TotalEnergy,0.03569392345035097
t2.nii_wavelet-HH_firstorder_Uniformity,0.22370902636503753
t2.nii_wavelet-HH_firstorder_Variance,1.1911820484811376e-05
t2.nii_wavelet-HH_glcm_Autocorrelation,73.65229309898623
t2.nii_wavelet-HH_glcm_ClusterProminence,75.9000960936398
t2.nii_wavelet-HH_glcm_ClusterShade,1.1170943310631753
t2.nii_wavelet-HH_glcm_ClusterTendency,3.6514785629293653
t2.nii_wavelet-HH_glcm_Contrast,3.481540499376346
t2.nii_wavelet-HH_glcm_Correlation,0.02427416821160395
t2.nii_wavelet-HH_glcm_DifferenceAverage,1.3705372391239767
t2.nii_wavelet-HH_glcm_DifferenceEntropy,2.1274266039493335
t2.nii_wavelet-HH_glcm_DifferenceVariance,1.556129093857845
t2.nii_wavelet-HH_glcm_Id,0.5445052249877674
t2.nii_wavelet-HH_glcm_Idm,0.49480207496429107
t2.nii_wavelet-HH_glcm_Idmn,0.9916484894776401
t2.nii_wavelet-HH_glcm_Idn,0.9389033458856079
t2.nii_wavelet-HH_glcm_Imc1,-0.038506822336302315
t2.nii_wavelet-HH_glcm_Imc2,0.41093877478552365
t2.nii_wavelet-HH_glcm_InverseVariance,0.46172814006133844
t2.nii_wavelet-HH_glcm_JointAverage,8.579615540598375
t2.nii_wavelet-HH_glcm_JointEnergy,0.05492696028566981
t2.nii_wavelet-HH_glcm_JointEntropy,4.77153682287355
t2.nii_wavelet-HH_glcm_MCC,0.33226927235820386
t2.nii_wavelet-HH_glcm_MaximumProbability,0.10413480843658883
t2.nii_wavelet-HH_glcm_SumAverage,17.15923108119675
t2.nii_wavelet-HH_glcm_SumEntropy,2.9138414987610575
t2.nii_wavelet-HH_glcm_SumSquares,1.7832547655764281
t2.nii_wavelet-HH_gldm_DependenceEntropy,4.609215193747836
t2.nii_wavelet-HH_gldm_DependenceNonUniformity,705.2547584187408
t2.nii_wavelet-HH_gldm_DependenceNonUniformityNormalized,0.20651676674048047
t2.nii_wavelet-HH_gldm_DependenceVariance,2.014293670375936
t2.nii_wavelet-HH_gldm_GrayLevelNonUniformity,763.9663250366032
t2.nii_wavelet-HH_gldm_GrayLevelVariance,1.8211421919916653
t2.nii_wavelet-HH_gldm_HighGrayLevelEmphasis,75.45915080527087
t2.nii_wavelet-HH_gldm_LargeDependenceEmphasis,10.020790629575403
t2.nii_wavelet-HH_gldm_LargeDependenceHighGrayLevelEmphasis,747.4298682284041
t2.nii_wavelet-HH_gldm_LargeDependenceLowGrayLevelEmphasis,0.14104002606490584
t2.nii_wavelet-HH_gldm_LowGrayLevelEmphasis,0.015133656609635426
t2.nii_wavelet-HH_gldm_SmallDependenceEmphasis,0.29842164881787
t2.nii_wavelet-HH_gldm_SmallDependenceHighGrayLevelEmphasis,23.020157663187284
t2.nii_wavelet-HH_gldm_SmallDependenceLowGrayLevelEmphasis,0.005123344427118433
t2.nii_wavelet-HH_glrlm_GrayLevelNonUniformity,536.4418847707093
t2.nii_wavelet-HH_glrlm_GrayLevelNonUniformityNormalized,0.20374386463551405
t2.nii_wavelet-HH_glrlm_GrayLevelVariance,2.113785032759803
t2.nii_wavelet-HH_glrlm_HighGrayLevelRunEmphasis,75.72926951782519
t2.nii_wavelet-HH_glrlm_LongRunEmphasis,2.130439979291996
t2.nii_wavelet-HH_glrlm_LongRunHighGrayLevelEmphasis,160.02828393652618
t2.nii_wavelet-HH_glrlm_LongRunLowGrayLevelEmphasis,0.03128715740774991
t2.nii_wavelet-HH_glrlm_LowGrayLevelRunEmphasis,0.015450277891785075
t2.nii_wavelet-HH_glrlm_RunEntropy,3.4927677779146893
t2.nii_wavelet-HH_glrlm_RunLengthNonUniformity,1698.3473507518477
t2.nii_wavelet-HH_glrlm_RunLengthNonUniformityNormalized,0.642632402014698
t2.nii_wavelet-HH_glrlm_RunPercentage,0.771303074670571
t2.nii_wavelet-HH_glrlm_RunVariance,0.43991110849578596
t2.nii_wavelet-HH_glrlm_ShortRunEmphasis,0.8284106606341768
t2.nii_wavelet-HH_glrlm_ShortRunHighGrayLevelEmphasis,62.92169523418514
t2.nii_wavelet-HH_glrlm_ShortRunLowGrayLevelEmphasis,0.013023576169409882
t2.nii_wavelet-HH_glszm_GrayLevelNonUniformity,180.18727915194347
t2.nii_wavelet-HH_glszm_GrayLevelNonUniformityNormalized,0.1591760416536603
t2.nii_wavelet-HH_glszm_GrayLevelVariance,3.5048102735706523
t2.nii_wavelet-HH_glszm_HighGrayLevelZoneEmphasis,77.32508833922262
t2.nii_wavelet-HH_glszm_LargeAreaEmphasis,131.72879858657245
t2.nii_wavelet-HH_glszm_LargeAreaHighGrayLevelEmphasis,10248.901943462897
t2.nii_wavelet-HH_glszm_LargeAreaLowGrayLevelEmphasis,1.7177301717495892
t2.nii_wavelet-HH_glszm_LowGrayLevelZoneEmphasis,0.017021398808604166
t2.nii_wavelet-HH_glszm_SizeZoneNonUniformity,416.06007067137807
t2.nii_wavelet-HH_glszm_SizeZoneNonUniformityNormalized,0.36754423204185344
t2.nii_wavelet-HH_glszm_SmallAreaEmphasis,0.628329945964533
t2.nii_wavelet-HH_glszm_SmallAreaHighGrayLevelEmphasis,49.06920450248446
t2.nii_wavelet-HH_glszm_SmallAreaLowGrayLevelEmphasis,0.011522291951661198
t2.nii_wavelet-HH_glszm_ZoneEntropy,4.904963248433779
t2.nii_wavelet-HH_glszm_ZonePercentage,0.33147877013177157
t2.nii_wavelet-HH_glszm_ZoneVariance,122.62781015495263
t2.nii_wavelet-HH_ngtdm_Busyness,2.790917348339765
t2.nii_wavelet-HH_ngtdm_Coarseness,0.0017536338026827893
t2.nii_wavelet-HH_ngtdm_Complexity,132.53220776058703
t2.nii_wavelet-HH_ngtdm_Contrast,0.016134444145758504
t2.nii_wavelet-HH_ngtdm_Strength,0.24491271984958712
t2.nii_wavelet-HL_firstorder_10Percentile,-0.011797002021892156
t2.nii_wavelet-HL_firstorder_90Percentile,0.013124220256395782
t2.nii_wavelet-HL_firstorder_Energy,0.4366786759395155
t2.nii_wavelet-HL_firstorder_Entropy,2.8694891421959583
t2.nii_wavelet-HL_firstorder_InterquartileRange,0.011086607198884497
t2.nii_wavelet-HL_firstorder_Kurtosis,5.976382563615244
t2.nii_wavelet-HL_firstorder_Maximum,0.06242056452395821
t2.nii_wavelet-HL_firstorder_Mean,0.00046865262928075073
t2.nii_wavelet-HL_firstorder_MeanAbsoluteDeviation,0.008019281156150799
t2.nii_wavelet-HL_firstorder_Median,-1.1621769257729266e-06
t2.nii_wavelet-HL_firstorder_Minimum,-0.05776967692808451
t2.nii_wavelet-HL_firstorder_Range,0.12019024145204271
t2.nii_wavelet-HL_firstorder_RobustMeanAbsoluteDeviation,0.0047973004136905
t2.nii_wavelet-HL_firstorder_RootMeanSquared,0.011307995796902169
t2.nii_wavelet-HL_firstorder_Skewness,0.38052259063390353
t2.nii_wavelet-HL_firstorder_TotalEnergy,0.3831332987445395
t2.nii_wavelet-HL_firstorder_Uniformity,0.1820190401059832
t2.nii_wavelet-HL_firstorder_Variance,0.00012765113365582534
t2.nii_wavelet-HL_glcm_Autocorrelation,106.25552649505414
t2.nii_wavelet-HL_glcm_ClusterProminence,757.6493866196826
t2.nii_wavelet-HL_glcm_ClusterShade,10.82496104063607
t2.nii_wavelet-HL_glcm_ClusterTendency,11.550144691155808
t2.nii_wavelet-HL_glcm_Contrast,2.553257821313196
t2.nii_wavelet-HL_glcm_Correlation,0.6364888646430922
t2.nii_wavelet-HL_glcm_DifferenceAverage,1.082904621323185
t2.nii_wavelet-HL_glcm_DifferenceEntropy,1.9093053053565803
t2.nii_wavelet-HL_glcm_DifferenceVariance,1.3254619419648044
t2.nii_wavelet-HL_glcm_Id,0.6141426364786234
t2.nii_wavelet-HL_glcm_Idm,0.5813004503859984
t2.nii_wavelet-HL_glcm_Idmn,0.9938832327685772
t2.nii_wavelet-HL_glcm_Idn,0.9513125857929499
t2.nii_wavelet-HL_glcm_Imc1,-0.17537953068398315
t2.nii_wavelet-HL_glcm_Imc2,0.7615774861563644
t2.nii_wavelet-HL_glcm_InverseVariance,0.47348492474121306
t2.nii_wavelet-HL_glcm_JointAverage,10.198346832240908
t2.nii_wavelet-HL_glcm_JointEnergy,0.04937828844048847
t2.nii_wavelet-HL_glcm_JointEntropy,5.220803064554579
t2.nii_wavelet-HL_glcm_MCC,0.6644197205393022
t2.nii_wavelet-HL_glcm_MaximumProbability,0.13089732360912956
t2.nii_wavelet-HL_glcm_SumAverage,20.39669366448181
t2.nii_wavelet-HL_glcm_SumEntropy,3.6999441574967387
t2.nii_wavelet-HL_glcm_SumSquares,3.5258506281172517
t2.nii_wavelet-HL_gldm_DependenceEntropy,5.417755626923563
t2.nii_wavelet-HL_gldm_DependenceNonUniformity,583.6383601756954
t2.nii_wavelet-HL_gldm_DependenceNonUniformityNormalized,0.17090435144237057
t2.nii_wavelet-HL_gldm_DependenceVariance,2.783524927704619
t2.nii_wavelet-HL_gldm_GrayLevelNonUniformity,621.5950219619326
t2.nii_wavelet-HL_gldm_GrayLevelVariance,3.5907118924562
t2.nii_wavelet-HL_gldm_HighGrayLevelEmphasis,107.43367496339678
t2.nii_wavelet-HL_gldm_LargeDependenceEmphasis,15.046852122986822
t2.nii_wavelet-HL_gldm_LargeDependenceHighGrayLevelEmphasis,1576.443338213763
t2.nii_wavelet-HL_gldm_LargeDependenceLowGrayLevelEmphasis,0.15787688628647023
t2.nii_wavelet-HL_gldm_LowGrayLevelEmphasis,0.011365110350935808
t2.nii_wavelet-HL_gldm_SmallDependenceEmphasis,0.20415991683534218
t2.nii_wavelet-HL_gldm_SmallDependenceHighGrayLevelEmphasis,22.882080139243488
t2.nii_wavelet-HL_gldm_SmallDependenceLowGrayLevelEmphasis,0.0027188978208544713
t2.nii_wavelet-HL_glrlm_GrayLevelNonUniformity,378.18629515990744
t2.nii_wavelet-HL_glrlm_GrayLevelNonUniformityNormalized,0.1610761502823392
t2.nii_wavelet-HL_glrlm_GrayLevelVariance,4.235584539486567
t2.nii_wavelet-HL_glrlm_HighGrayLevelRunEmphasis,108.4593608070222
t2.nii_wavelet-HL_glrlm_LongRunEmphasis,2.9904445575402923
t2.nii_wavelet-HL_glrlm_LongRunHighGrayLevelEmphasis,317.38269463954543
t2.nii_wavelet-HL_glrlm_LongRunLowGrayLevelEmphasis,0.03248537196448128
t2.nii_wavelet-HL_glrlm_LowGrayLevelRunEmphasis,0.011730819988697799
t2.nii_wavelet-HL_glrlm_RunEntropy,4.261713684079071
t2.nii_wavelet-HL_glrlm_RunLengthNonUniformity,1276.4267275139246
t2.nii_wavelet-HL_glrlm_RunLengthNonUniformityNormalized,0.5368845758675151
t2.nii_wavelet-HL_glrlm_RunPercentage,0.6872620790629576
t2.nii_wavelet-HL_glrlm_RunVariance,0.8040345009452803
t2.nii_wavelet-HL_glrlm_ShortRunEmphasis,0.7567705022214622
t2.nii_wavelet-HL_glrlm_ShortRunHighGrayLevelEmphasis,82.7941571762124
t2.nii_wavelet-HL_glrlm_ShortRunLowGrayLevelEmphasis,0.00909990495547544
t2.nii_wavelet-HL_glszm_GrayLevelNonUniformity,99.05115712545675
t2.nii_wavelet-HL_glszm_GrayLevelNonUniformityNormalized,0.1206469636120058
t2.nii_wavelet-HL_glszm_GrayLevelVariance,6.45568147931654
t2.nii_wavelet-HL_glszm_HighGrayLevelZoneEmphasis,111.836784409257
t2.nii_wavelet-HL_glszm_LargeAreaEmphasis,199.32886723507917
t2.nii_wavelet-HL_glszm_LargeAreaHighGrayLevelEmphasis,20300.540803897686
t2.nii_wavelet-HL_glszm_LargeAreaLowGrayLevelEmphasis,1.9945608952495475
t2.nii_wavelet-HL_glszm_LowGrayLevelZoneEmphasis,0.0132958264026347
t2.nii_wavelet-HL_glszm_SizeZoneNonUniformity,206.57125456760048
t2.nii_wavelet-HL_glszm_SizeZoneNonUniformityNormalized,0.2516093234684537
t2.nii_wavelet-HL_glszm_SmallAreaEmphasis,0.5118715708043707
t2.nii_wavelet-HL_glszm_SmallAreaHighGrayLevelEmphasis,58.7990243862489
t2.nii_wavelet-HL_glszm_SmallAreaLowGrayLevelEmphasis,0.007525809985515278
t2.nii_wavelet-HL_glszm_ZoneEntropy,5.941595732517958
t2.nii_wavelet-HL_glszm_ZonePercentage,0.2404099560761347
t2.nii_wavelet-HL_glszm_ZoneVariance,182.02691527666713
t2.nii_wavelet-HL_ngtdm_Busyness,1.1162745796661346
t2.nii_wavelet-HL_ngtdm_Coarseness,0.003023019002980301
t2.nii_wavelet-HL_ngtdm_Complexity,124.55589946357703
t2.nii_wavelet-HL_ngtdm_Contrast,0.013190991376298266
t2.nii_wavelet-HL_ngtdm_Strength,0.6198345211053531
t2.nii_wavelet-LH_firstorder_10Percentile,-0.016859448620880967
t2.nii_wavelet-LH_firstorder_90Percentile,0.015297305923245252
t2.nii_wavelet-LH_firstorder_Energy,1.2451688724587835
t2.nii_wavelet-LH_firstorder_Entropy,1.9865437812276494
t2.nii_wavelet-LH_firstorder_InterquartileRange,0.01450343463981353
t2.nii_wavelet-LH_firstorder_Kurtosis,21.294257981527352
t2.nii_wavelet-LH_firstorder_Maximum,0.19363342390465924
t2.nii_wavelet-LH_firstorder_Mean,-0.0007475590062101527
t2.nii_wavelet-LH_firstorder_MeanAbsoluteDeviation,0.011555803423111181
t2.nii_wavelet-LH_firstorder_Median,-0.00015070688190150453
t2.nii_wavelet-LH_firstorder_Minimum,-0.13197274583001978
t2.nii_wavelet-LH_firstorder_Range,0.32560616973467904
t2.nii_wavelet-LH_firstorder_RobustMeanAbsoluteDeviation,0.006272999837297486
t2.nii_wavelet-LH_firstorder_RootMeanSquared,0.019094960911160967
t2.nii_wavelet-LH_firstorder_Skewness,0.6432980978254701
t2.nii_wavelet-LH_firstorder_TotalEnergy,1.0924867273922738
t2.nii_wavelet-LH_firstorder_Uniformity,0.33890282514700243
t2.nii_wavelet-LH_firstorder_Variance,0.00036405868773099943
t2.nii_wavelet-LH_glcm_Autocorrelation,74.01603749538475
t2.nii_wavelet-LH_glcm_ClusterProminence,322.35431361920274
t2.nii_wavelet-LH_glcm_ClusterShade,-0.9752690060920095
t2.nii_wavelet-LH_glcm_ClusterTendency,4.4785239480166
t2.nii_wavelet-LH_glcm_Contrast,1.128106829465951
t2.nii_wavelet-LH_glcm_Correlation,0.595338410000689
t2.nii_wavelet-LH_glcm_DifferenceAverage,0.5755760300687822
t2.nii_wavelet-LH_glcm_DifferenceEntropy,1.3297895501005954
t2.nii_wavelet-LH_glcm_DifferenceVariance,0.7707671348416242
t2.nii_wavelet-LH_glcm_Id,0.757512961192173
t2.nii_wavelet-LH_glcm_Idm,0.7486726002869534
t2.nii_wavelet-LH_glcm_Idmn,0.9973931298005237
t2.nii_wavelet-LH_glcm_Idn,0.9735778319216214
t2.nii_wavelet-LH_glcm_Imc1,-0.23475707975495141
t2.nii_wavelet-LH_glcm_Imc2,0.7448057226045149
t2.nii_wavelet-LH_glcm_InverseVariance,0.4046448184057815
t2.nii_wavelet-LH_glcm_JointAverage,8.554438259492532
t2.nii_wavelet-LH_glcm_JointEnergy,0.15902135667416412
t2.nii_wavelet-LH_glcm_JointEntropy,3.4728034710111517
t2.nii_wavelet-LH_glcm_MCC,0.7615489469485324
t2.nii_wavelet-LH_glcm_MaximumProbability,0.2883234103025942
t2.nii_wavelet-LH_glcm_SumAverage,17.108876518985063
t2.nii_wavelet-LH_glcm_SumEntropy,2.730102360173358
t2.nii_wavelet-LH_glcm_SumSquares,1.401657694370638
t2.nii_wavelet-LH_gldm_DependenceEntropy,4.79245895582871
t2.nii_wavelet-LH_gldm_DependenceNonUniformity,455.999121522694
t2.nii_wavelet-LH_gldm_DependenceNonUniformityNormalized,0.13352829327165272
t2.nii_wavelet-LH_gldm_DependenceVariance,4.121389872001269
t2.nii_wavelet-LH_gldm_GrayLevelNonUniformity,1157.3531478770133
t2.nii_wavelet-LH_gldm_GrayLevelVariance,1.4463406425446261
t2.nii_wavelet-LH_gldm_HighGrayLevelEmphasis,74.80819912152269
t2.nii_wavelet-LH_gldm_LargeDependenceEmphasis,30.120937042459737
t2.nii_wavelet-LH_gldm_LargeDependenceHighGrayLevelEmphasis,2258.9376281112736
t2.nii_wavelet-LH_gldm_LargeDependenceLowGrayLevelEmphasis,0.4267569798275746
t2.nii_wavelet-LH_gldm_LowGrayLevelEmphasis,0.016109127617048496
t2.nii_wavelet-LH_gldm_SmallDependenceEmphasis,0.09059982391904758
t2.nii_wavelet-LH_gldm_SmallDependenceHighGrayLevelEmphasis,7.057297738522229
t2.nii_wavelet-LH_gldm_SmallDependenceLowGrayLevelEmphasis,0.001841926049156295
t2.nii_wavelet-LH_glrlm_GrayLevelNonUniformity,462.9569684598672
t2.nii_wavelet-LH_glrlm_GrayLevelNonUniformityNormalized,0.2779051873290453
t2.nii_wavelet-LH_glrlm_GrayLevelVariance,2.1795957994904613
t2.nii_wavelet-LH_glrlm_HighGrayLevelRunEmphasis,74.87708197232874
t2.nii_wavelet-LH_glrlm_LongRunEmphasis,7.976095429277019
t2.nii_wavelet-LH_glrlm_LongRunHighGrayLevelEmphasis,600.364386540054
t2.nii_wavelet-LH_glrlm_LongRunLowGrayLevelEmphasis,0.1195426233108318
t2.nii_wavelet-LH_glrlm_LowGrayLevelRunEmphasis,0.017612589714971785
t2.nii_wavelet-LH_glrlm_RunEntropy,4.246339226361377
t2.nii_wavelet-LH_glrlm_RunLengthNonUniformity,585.9738500045936
t2.nii_wavelet-LH_glrlm_RunLengthNonUniformityNormalized,0.33524821079962513
t2.nii_wavelet-LH_glrlm_RunPercentage,0.487628111273792
t2.nii_wavelet-LH_glrlm_RunVariance,3.0053327794257374
t2.nii_wavelet-LH_glrlm_ShortRunEmphasis,0.5735089855022665
t2.nii_wavelet-LH_glrlm_ShortRunHighGrayLevelEmphasis,43.2375457937362
t2.nii_wavelet-LH_glrlm_ShortRunLowGrayLevelEmphasis,0.011291109728414449
t2.nii_wavelet-LH_glszm_GrayLevelNonUniformity,50.26384364820847
t2.nii_wavelet-LH_glszm_GrayLevelNonUniformityNormalized,0.16372587507559763
t2.nii_wavelet-LH_glszm_GrayLevelVariance,5.261827711699858
t2.nii_wavelet-LH_glszm_HighGrayLevelZoneEmphasis,78.6514657980456
t2.nii_wavelet-LH_glszm_LargeAreaEmphasis,1389.384364820847
t2.nii_wavelet-LH_glszm_LargeAreaHighGrayLevelEmphasis,108532.93811074918
t2.nii_wavelet-LH_glszm_LargeAreaLowGrayLevelEmphasis,18.083296699567295
t2.nii_wavelet-LH_glszm_LowGrayLevelZoneEmphasis,0.021528441075033794
t2.nii_wavelet-LH_glszm_SizeZoneNonUniformity,47.501628664495115
t2.nii_wavelet-LH_glszm_SizeZoneNonUniformityNormalized,0.1547284321319059
t2.nii_wavelet-LH_glszm_SmallAreaEmphasis,0.3835838762029015
t2.nii_wavelet-LH_glszm_SmallAreaHighGrayLevelEmphasis,31.92627865975683
t2.nii_wavelet-LH_glszm_SmallAreaLowGrayLevelEmphasis,0.008467723763574745
t2.nii_wavelet-LH_glszm_ZoneEntropy,6.087006364658202
t2.nii_wavelet-LH_glszm_ZonePercentage,0.08989751098096632
t2.nii_wavelet-LH_glszm_ZoneVariance,1265.6459166675509
t2.nii_wavelet-LH_ngtdm_Busyness,1.3579402502992695
t2.nii_wavelet-LH_ngtdm_Coarseness,0.0026892868484054786
t2.nii_wavelet-LH_ngtdm_Complexity,75.82626777234387
t2.nii_wavelet-LH_ngtdm_Contrast,0.003606863034703042
t2.nii_wavelet-LH_ngtdm_Strength,0.9779362551241455
t2.nii_wavelet2-HH_firstorder_10Percentile,-0.003598420576108188
t2.nii_wavelet2-HH_firstorder_90Percentile,0.0036207382038480275
t2.nii_wavelet2-HH_firstorder_Energy,0.035602030704637105
t2.nii_wavelet2-HH_firstorder_Entropy,2.606352091404556
t2.nii_wavelet2-HH_firstorder_InterquartileRange,0.0035791980754437945
t2.nii_wavelet2-HH_firstorder_Kurtosis,7.113993631148575
t2.nii_wavelet2-HH_firstorder_Maximum,0.0219218968730151
t2.nii_wavelet2-HH_firstorder_Mean,5.92855629200379e-05
t2.nii_wavelet2-HH_firstorder_MeanAbsoluteDeviation,0.002349804773351332
t2.nii_wavelet2-HH_firstorder_Median,5.9564198485250535e-05
t2.nii_wavelet2-HH_firstorder_Minimum,-0.02038914442690701
t2.nii_wavelet2-HH_firstorder_Range,0.04231104129992211
t2.nii_wavelet2-HH_firstorder_RobustMeanAbsoluteDeviation,0.0014968684804525813
t2.nii_wavelet2-HH_firstorder_RootMeanSquared,0.0032288065917943087
t2.nii_wavelet2-HH_firstorder_Skewness,0.29790596296775357
t2.nii_wavelet2-HH_firstorder_TotalEnergy,0.031236522911325584
t2.nii_wavelet2-HH_firstorder_Uniformity,0.20844144234912293
t2.nii_wavelet2-HH_firstorder_Variance,1.0421677229243634e-05
t2.nii_wavelet2-HH_glcm_Autocorrelation,104.2934765304128
t2.nii_wavelet2-HH_glcm_ClusterProminence,286.8605627547241
t2.nii_wavelet2-HH_glcm_ClusterShade,7.111987931415589
t2.nii_wavelet2-HH_glcm_ClusterTendency,6.508010591969335
t2.nii_wavelet2-HH_glcm_Contrast,2.742269486347367
t2.nii_wavelet2-HH_glcm_Correlation,0.40559364025943256
t2.nii_wavelet2-HH_glcm_DifferenceAverage,1.1688297020938352
t2.nii_wavelet2-HH_glcm_DifferenceEntropy,1.9842496879786078
t2.nii_wavelet2-HH_glcm_DifferenceVariance,1.3609863172138112
t2.nii_wavelet2-HH_glcm_Id,0.5864486009527884
t2.nii_wavelet2-HH_glcm_Idm,0.5476548622018562
t2.nii_wavelet2-HH_glcm_Idmn,0.9934461934803867
t2.nii_wavelet2-HH_glcm_Idn,0.9474250887991202
t2.nii_wavelet2-HH_glcm_Imc1,-0.07686636249023951
t2.nii_wavelet2-HH_glcm_Imc2,0.5563397068205649
t2.nii_wavelet2-HH_glcm_InverseVariance,0.4804897932980625
t2.nii_wavelet2-HH_glcm_JointAverage,10.166219974575565
t2.nii_wavelet2-HH_glcm_JointEnergy,0.05198459709697604
t2.nii_wavelet2-HH_glcm_JointEntropy,4.965809945825102
t2.nii_wavelet2-HH_glcm_MCC,0.5874510367751588
t2.nii_wavelet2-HH_glcm_MaximumProbability,0.11215312021347748
t2.nii_wavelet2-HH_glcm_SumAverage,20.33243994915113
t2.nii_wavelet2-HH_glcm_SumEntropy,3.3161279756866717
t2.nii_wavelet2-HH_glcm_SumSquares,2.312570019579175
t2.nii_wavelet2-HH_gldm_DependenceEntropy,4.997148255060427
t2.nii_wavelet2-HH_gldm_DependenceNonUniformity,640.9795021961933
t2.nii_wavelet2-HH_gldm_DependenceNonUniformityNormalized,0.1876953154308033
t2.nii_wavelet2-HH_gldm_DependenceVariance,2.2695300425090412
t2.nii_wavelet2-HH_gldm_GrayLevelNonUniformity,711.8275256222547
t2.nii_wavelet2-HH_gldm_GrayLevelVariance,2.418602453648425
t2.nii_wavelet2-HH_gldm_HighGrayLevelEmphasis,105.77276720351391
t2.nii_wavelet2-HH_gldm_LargeDependenceEmphasis,12.466471449487555
t2.nii_wavelet2-HH_gldm_LargeDependenceHighGrayLevelEmphasis,1295.2497803806734
t2.nii_wavelet2-HH_gldm_LargeDependenceLowGrayLevelEmphasis,0.12667652516788855
t2.nii_wavelet2-HH_gldm_LowGrayLevelEmphasis,0.010794060967973864
t2.nii_wavelet2-HH_gldm_SmallDependenceEmphasis,0.23530635286759358
t2.nii_wavelet2-HH_gldm_SmallDependenceHighGrayLevelEmphasis,25.687334477126353
t2.nii_wavelet2-HH_gldm_SmallDependenceLowGrayLevelEmphasis,0.0029125126756350483
t2.nii_wavelet2-HH_glrlm_GrayLevelNonUniformity,471.59281317391446
t2.nii_wavelet2-HH_glrlm_GrayLevelNonUniformityNormalized,0.19026476646503485
t2.nii_wavelet2-HH_glrlm_GrayLevelVariance,2.8294981901346072
t2.nii_wavelet2-HH_glrlm_HighGrayLevelRunEmphasis,106.45111413466822
t2.nii_wavelet2-HH_glrlm_LongRunEmphasis,2.5326498266308084
t2.nii_wavelet2-HH_glrlm_LongRunHighGrayLevelEmphasis,265.4422191481863
t2.nii_wavelet2-HH_glrlm_LongRunLowGrayLevelEmphasis,0.026535172827892306
t2.nii_wavelet2-HH_glrlm_LowGrayLevelRunEmphasis,0.0110257163082896
t2.nii_wavelet2-HH_glrlm_RunEntropy,3.8374341791509994
t2.nii_wavelet2-HH_glrlm_RunLengthNonUniformity,1452.443419711606
t2.nii_wavelet2-HH_glrlm_RunLengthNonUniformityNormalized,0.5844992001300973
t2.nii_wavelet2-HH_glrlm_RunPercentage,0.7258418740849194
t2.nii_wavelet2-HH_glrlm_RunVariance,0.6264688605901352
t2.nii_wavelet2-HH_glrlm_ShortRunEmphasis,0.7919995924365018
t2.nii_wavelet2-HH_glrlm_ShortRunHighGrayLevelEmphasis,84.77783191324303
t2.nii_wavelet2-HH_glrlm_ShortRunLowGrayLevelEmphasis,0.008888052582414149
t2.nii_wavelet2-HH_glszm_GrayLevelNonUniformity,135.15192507804372
t2.nii_wavelet2-HH_glszm_GrayLevelNonUniformityNormalized,0.14063675866601844
t2.nii_wavelet2-HH_glszm_GrayLevelVariance,4.705638529064309
t2.nii_wavelet2-HH_glszm_HighGrayLevelZoneEmphasis,108.97502601456816
t2.nii_wavelet2-HH_glszm_LargeAreaEmphasis,158.65660770031218
t2.nii_wavelet2-HH_glszm_LargeAreaHighGrayLevelEmphasis,16043.34027055151
t2.nii_wavelet2-HH_glszm_LargeAreaLowGrayLevelEmphasis,1.5835406206204288
t2.nii_wavelet2-HH_glszm_LowGrayLevelZoneEmphasis,0.01226370946908669
t2.nii_wavelet2-HH_glszm_SizeZoneNonUniformity,264.6690946930281
t2.nii_wavelet2-HH_glszm_SizeZoneNonUniformityNormalized,0.2754100881301021
t2.nii_wavelet2-HH_glszm_SmallAreaEmphasis,0.5346042938988163
t2.nii_wavelet2-HH_glszm_SmallAreaHighGrayLevelEmphasis,59.36472292556849
t2.nii_wavelet2-HH_glszm_SmallAreaLowGrayLevelEmphasis,0.007224939791610886
t2.nii_wavelet2-HH_glszm_ZoneEntropy,5.503246942324004
t2.nii_wavelet2-HH_glszm_ZonePercentage,0.2814055636896047
t2.nii_wavelet2-HH_glszm_ZoneVariance,146.02860573825606
t2.nii_wavelet2-HH_ngtdm_Busyness,1.2685740574559183
t2.nii_wavelet2-HH_ngtdm_Coarseness,0.0026867222034168635
t2.nii_wavelet2-HH_ngtdm_Complexity,126.5655019721683
t2.nii_wavelet2-HH_ngtdm_Contrast,0.010763638002196778
t2.nii_wavelet2-HH_ngtdm_Strength,0.4975208769235972
t2.nii_wavelet2-HL_firstorder_10Percentile,-0.02167976102905149
t2.nii_wavelet2-HL_firstorder_90Percentile,0.024135869315780933
t2.nii_wavelet2-HL_firstorder_Energy,1.5185131755028207
t2.nii_wavelet2-HL_firstorder_Entropy,2.8024087895351855
t2.nii_wavelet2-HL_firstorder_InterquartileRange,0.019989279891580166
t2.nii_wavelet2-HL_firstorder_Kurtosis,6.152833090407264
t2.nii_wavelet2-HL_firstorder_Maximum,0.12447577250190855
t2.nii_wavelet2-HL_firstorder_Mean,0.0009396646812490264
t2.nii_wavelet2-HL_firstorder_MeanAbsoluteDeviation,0.014817787681174109
t2.nii_wavelet2-HL_firstorder_Median,-4.627898495960825e-05
t2.nii_wavelet2-HL_firstorder_Minimum,-0.11053272108906685
t2.nii_wavelet2-HL_firstorder_Range,0.23500849359097542
t2.nii_wavelet2-HL_firstorder_RobustMeanAbsoluteDeviation,0.008738043169028568
t2.nii_wavelet2-HL_firstorder_RootMeanSquared,0.021086957766556953
t2.nii_wavelet2-HL_firstorder_Skewness,0.36206722891683507
t2.nii_wavelet2-HL_firstorder_TotalEnergy,1.3323136534334135
t2.nii_wavelet2-HL_firstorder_Uniformity,0.1916588815599082
t2.nii_wavelet2-HL_firstorder_Variance,0.0004437768181353696
t2.nii_wavelet2-HL_glcm_Autocorrelation,102.1212141894068
t2.nii_wavelet2-HL_glcm_ClusterProminence,693.4320624074314
t2.nii_wavelet2-HL_glcm_ClusterShade,8.915216876901233
t2.nii_wavelet2-HL_glcm_ClusterTendency,11.097017492633189
t2.nii_wavelet2-HL_glcm_Contrast,1.8877213909633452
t2.nii_wavelet2-HL_glcm_Correlation,0.7079329647315499
t2.nii_wavelet2-HL_glcm_DifferenceAverage,0.9051586844785001
t2.nii_wavelet2-HL_glcm_DifferenceEntropy,1.7600092010003334
t2.nii_wavelet2-HL_glcm_DifferenceVariance,1.027809122475807
t2.nii_wavelet2-HL_glcm_Id,0.659381122710031
t2.nii_wavelet2-HL_glcm_Idm,0.6334564083981922
t2.nii_wavelet2-HL_glcm_Idmn,0.9954233097963447
t2.nii_wavelet2-HL_glcm_Idn,0.9588612221107091
t2.nii_wavelet2-HL_glcm_Imc1,-0.22057322094452902
t2.nii_wavelet2-HL_glcm_Imc2,0.8160966996973735
t2.nii_wavelet2-HL_glcm_InverseVariance,0.45007915500267726
t2.nii_wavelet2-HL_glcm_JointAverage,9.990939417553259
t2.nii_wavelet2-HL_glcm_JointEnergy,0.060415598358244754
t2.nii_wavelet2-HL_glcm_JointEntropy,4.970783359012151
t2.nii_wavelet2-HL_glcm_MCC,0.7208358074314921
t2.nii_wavelet2-HL_glcm_MaximumProbability,0.15956385059982878
t2.nii_wavelet2-HL_glcm_SumAverage,19.98187883510652
t2.nii_wavelet2-HL_glcm_SumEntropy,3.6680064140065767
t2.nii_wavelet2-HL_glcm_SumSquares,3.246184720899133
t2.nii_wavelet2-HL_gldm_DependenceEntropy,5.541398569646662
t2.nii_wavelet2-HL_gldm_DependenceNonUniformity,495.07203513909224
t2.nii_wavelet2-HL_gldm_DependenceNonUniformityNormalized,0.14496984923545894
t2.nii_wavelet2-HL_gldm_DependenceVariance,3.791781585417877
t2.nii_wavelet2-HL_gldm_GrayLevelNonUniformity,654.5150805270864
t2.nii_wavelet2-HL_gldm_GrayLevelVariance,3.3141099575767066
t2.nii_wavelet2-HL_gldm_HighGrayLevelEmphasis,102.92210834553441
t2.nii_wavelet2-HL_gldm_LargeDependenceEmphasis,19.826939970717422
t2.nii_wavelet2-HL_gldm_LargeDependenceHighGrayLevelEmphasis,1979.2207906295755
t2.nii_wavelet2-HL_gldm_LargeDependenceLowGrayLevelEmphasis,0.2162669778132782
t2.nii_wavelet2-HL_gldm_LowGrayLevelEmphasis,0.011777268850010309
t2.nii_wavelet2-HL_gldm_SmallDependenceEmphasis,0.16916300265564715
t2.nii_wavelet2-HL_gldm_SmallDependenceHighGrayLevelEmphasis,18.508266287603377
t2.nii_wavelet2-HL_gldm_SmallDependenceLowGrayLevelEmphasis,0.0023508932101406824
t2.nii_wavelet2-HL_glrlm_GrayLevelNonUniformity,347.9685218742179
t2.nii_wavelet2-HL_glrlm_GrayLevelNonUniformityNormalized,0.16313819945039262
t2.nii_wavelet2-HL_glrlm_GrayLevelVariance,4.1159850333966945
t2.nii_wavelet2-HL_glrlm_HighGrayLevelRunEmphasis,104.55372090980099
t2.nii_wavelet2-HL_glrlm_LongRunEmphasis,4.1050452804817645
t2.nii_wavelet2-HL_glrlm_LongRunHighGrayLevelEmphasis,414.89013740902965
t2.nii_wavelet2-HL_glrlm_LongRunLowGrayLevelEmphasis,0.04593989227461383
t2.nii_wavelet2-HL_glrlm_LowGrayLevelRunEmphasis,0.012233684626205638
t2.nii_wavelet2-HL_glrlm_RunEntropy,4.435491677317703
t2.nii_wavelet2-HL_glrlm_RunLengthNonUniformity,1059.3517115942327
t2.nii_wavelet2-HL_glrlm_RunLengthNonUniformityNormalized,0.48874738618425645
t2.nii_wavelet2-HL_glrlm_RunPercentage,0.6244509516837482
t2.nii_wavelet2-HL_glrlm_RunVariance,1.426108390000075
t2.nii_wavelet2-HL_glrlm_ShortRunEmphasis,0.7220089625179573
t2.nii_wavelet2-HL_glrlm_ShortRunHighGrayLevelEmphasis,76.41632896493225
t2.nii_wavelet2-HL_glrlm_ShortRunLowGrayLevelEmphasis,0.009092146871537733
t2.nii_wavelet2-HL_glszm_GrayLevelNonUniformity,77.77661169415292
t2.nii_wavelet2-HL_glszm_GrayLevelNonUniformityNormalized,0.11660661423411232
t2.nii_wavelet2-HL_glszm_GrayLevelVariance,6.60406528369998
t2.nii_wavelet2-HL_glszm_HighGrayLevelZoneEmphasis,110.96851574212893
t2.nii_wavelet2-HL_glszm_LargeAreaEmphasis,340.3673163418291
t2.nii_wavelet2-HL_glszm_LargeAreaHighGrayLevelEmphasis,34017.89955022489
t2.nii_wavelet2-HL_glszm_LargeAreaLowGrayLevelEmphasis,3.467057610682556
t2.nii_wavelet2-HL_glszm_LowGrayLevelZoneEmphasis,0.013846808851452418
t2.nii_wavelet2-HL_glszm_SizeZoneNonUniformity,154.90404797601198
t2.nii_wavelet2-HL_glszm_SizeZoneNonUniformityNormalized,0.23223995198802397
t2.nii_wavelet2-HL_glszm_SmallAreaEmphasis,0.48846686026295694
t2.nii_wavelet2-HL_glszm_SmallAreaHighGrayLevelEmphasis,55.83919046479342
t2.nii_wavelet2-HL_glszm_SmallAreaLowGrayLevelEmphasis,0.007578404362287144
t2.nii_wavelet2-HL_glszm_ZoneEntropy,6.070229904130559
t2.nii_wavelet2-HL_glszm_ZonePercentage,0.19531478770131772
t2.nii_wavelet2-HL_glszm_ZoneVariance,314.1535304311862
t2.nii_wavelet2-HL_ngtdm_Busyness,0.8302241671158918
t2.nii_wavelet2-HL_ngtdm_Coarseness,0.004086807169290668
t2.nii_wavelet2-HL_ngtdm_Complexity,91.35443115000689
t2.nii_wavelet2-HL_ngtdm_Contrast,0.008899295556186786
t2.nii_wavelet2-HL_ngtdm_Strength,0.8456237963910563
t2.nii_wavelet2-LH_firstorder_10Percentile,-0.02979901351036609
t2.nii_wavelet2-LH_firstorder_90Percentile,0.02886832282641333
t2.nii_wavelet2-LH_firstorder_Energy,4.097624432658753
t2.nii_wavelet2-LH_firstorder_Entropy,2.2168351135635507
t2.nii_wavelet2-LH_firstorder_InterquartileRange,0.026236707256013094
t2.nii_wavelet2-LH_firstorder_Kurtosis,14.786421125194824
t2.nii_wavelet2-LH_firstorder_Maximum,0.25898875657214543
t2.nii_wavelet2-LH_firstorder_Mean,-0.001482769061507833
t2.nii_wavelet2-LH_firstorder_MeanAbsoluteDeviation,0.021030524303452466
t2.nii_wavelet2-LH_firstorder_Median,8.052951988361465e-05
t2.nii_wavelet2-LH_firstorder_Minimum,-0.22866800715614455
t2.nii_wavelet2-LH_firstorder_Range,0.48765676372829
t2.nii_wavelet2-LH_firstorder_RobustMeanAbsoluteDeviation,0.011235819014803023
t2.nii_wavelet2-LH_firstorder_RootMeanSquared,0.03463942875113002
t2.nii_wavelet2-LH_firstorder_Skewness,-0.2451908722554848
t2.nii_wavelet2-LH_firstorder_TotalEnergy,3.5951752453289534
t2.nii_wavelet2-LH_firstorder_Uniformity,0.3038210118566569
t2.nii_wavelet2-LH_firstorder_Variance,0.0011976914201148477
t2.nii_wavelet2-LH_glcm_Autocorrelation,97.35000835278211
t2.nii_wavelet2-LH_glcm_ClusterProminence,636.9724460910048
t2.nii_wavelet2-LH_glcm_ClusterShade,-9.518642274395347
t2.nii_wavelet2-LH_glcm_ClusterTendency,6.812809042912401
t2.nii_wavelet2-LH_glcm_Contrast,1.2264855688162204
t2.nii_wavelet2-LH_glcm_Correlation,0.6926798364465969
t2.nii_wavelet2-LH_glcm_DifferenceAverage,0.6207537406232507
t2.nii_wavelet2-LH_glcm_DifferenceEntropy,1.4069934788525682
t2.nii_wavelet2-LH_glcm_DifferenceVariance,0.8109029299059984
t2.nii_wavelet2-LH_glcm_Id,0.7450245903977044
t2.nii_wavelet2-LH_glcm_Idm,0.7338285183551294
t2.nii_wavelet2-LH_glcm_Idmn,0.9970998923240642
t2.nii_wavelet2-LH_glcm_Idn,0.9715709818395758
t2.nii_wavelet2-LH_glcm_Imc1,-0.25689468814855565
t2.nii_wavelet2-LH_glcm_Imc2,0.7932768593273523
t2.nii_wavelet2-LH_glcm_InverseVariance,0.40830726385488747
t2.nii_wavelet2-LH_glcm_JointAverage,9.795579960703451
t2.nii_wavelet2-LH_glcm_JointEnergy,0.13887530379838736
t2.nii_wavelet2-LH_glcm_JointEntropy,3.8281974384043047
t2.nii_wavelet2-LH_glcm_MCC,0.765913014112717
t2.nii_wavelet2-LH_glcm_MaximumProbability,0.3022907952097723
t2.nii_wavelet2-LH_glcm_SumAverage,19.591159921406906
t2.nii_wavelet2-LH_glcm_SumEntropy,3.004734410588652
t2.nii_wavelet2-LH_glcm_SumSquares,2.0098236529321563
t2.nii_wavelet2-LH_gldm_DependenceEntropy,5.012843181393045
t2.nii_wavelet2-LH_gldm_DependenceNonUniformity,443.3689604685212
t2.nii_wavelet2-LH_gldm_DependenceNonUniformityNormalized,0.12982985665256844
t2.nii_wavelet2-LH_gldm_DependenceVariance,4.48196857803721
t2.nii_wavelet2-LH_gldm_GrayLevelNonUniformity,1037.5487554904832
t2.nii_wavelet2-LH_gldm_GrayLevelVariance,2.0854850596691454
t2.nii_wavelet2-LH_gldm_HighGrayLevelEmphasis,98.35519765739384
t2.nii_wavelet2-LH_gldm_LargeDependenceEmphasis,29.13762811127379
t2.nii_wavelet2-LH_gldm_LargeDependenceHighGrayLevelEmphasis,2857.1440702781847
t2.nii_wavelet2-LH_gldm_LargeDependenceLowGrayLevelEmphasis,0.3235537005800219
t2.nii_wavelet2-LH_gldm_LowGrayLevelEmphasis,0.01310649975920371
t2.nii_wavelet2-LH_gldm_SmallDependenceEmphasis,0.09814313044506345
t2.nii_wavelet2-LH_gldm_SmallDependenceHighGrayLevelEmphasis,10.054557590497291
t2.nii_wavelet2-LH_gldm_SmallDependenceLowGrayLevelEmphasis,0.0015734893187538635
t2.nii_wavelet2-LH_glrlm_GrayLevelNonUniformity,407.32624321585917
t2.nii_wavelet2-LH_glrlm_GrayLevelNonUniformityNormalized,0.23584042621775292
t2.nii_wavelet2-LH_glrlm_GrayLevelVariance,3.049562840113664
t2.nii_wavelet2-LH_glrlm_HighGrayLevelRunEmphasis,98.81819983008415
t2.nii_wavelet2-LH_glrlm_LongRunEmphasis,7.9092711002637905
t2.nii_wavelet2-LH_glrlm_LongRunHighGrayLevelEmphasis,777.7124972603477
t2.nii_wavelet2-LH_glrlm_LongRunLowGrayLevelEmphasis,0.09369379265889775
t2.nii_wavelet2-LH_glrlm_LowGrayLevelRunEmphasis,0.014497078971178232
t2.nii_wavelet2-LH_glrlm_RunEntropy,4.396406281874676
t2.nii_wavelet2-LH_glrlm_RunLengthNonUniformity,668.5062031235891
t2.nii_wavelet2-LH_glrlm_RunLengthNonUniformityNormalized,0.37151775281609056
t2.nii_wavelet2-LH_glrlm_RunPercentage,0.5043191800878477
t2.nii_wavelet2-LH_glrlm_RunVariance,3.374464645239967
t2.nii_wavelet2-LH_glrlm_ShortRunEmphasis,0.6138331073480338
t2.nii_wavelet2-LH_glrlm_ShortRunHighGrayLevelEmphasis,61.115395963622134
t2.nii_wavelet2-LH_glrlm_ShortRunLowGrayLevelEmphasis,0.009909736253635516
t2.nii_wavelet2-LH_glszm_GrayLevelNonUniformity,52.259887005649716
t2.nii_wavelet2-LH_glszm_GrayLevelNonUniformityNormalized,0.1476267994509879
t2.nii_wavelet2-LH_glszm_GrayLevelVariance,6.05385585240512
t2.nii_wavelet2-LH_glszm_HighGrayLevelZoneEmphasis,103.0819209039548
t2.nii_wavelet2-LH_glszm_LargeAreaEmphasis,1223.0819209039548
t2.nii_wavelet2-LH_glszm_LargeAreaHighGrayLevelEmphasis,121471.83333333333
t2.nii_wavelet2-LH_glszm_LargeAreaLowGrayLevelEmphasis,12.493999101812648
t2.nii_wavelet2-LH_glszm_LowGrayLevelZoneEmphasis,0.016722575279955753
t2.nii_wavelet2-LH_glszm_SizeZoneNonUniformity,50.79661016949152
t2.nii_wavelet2-LH_glszm_SizeZoneNonUniformityNormalized,0.14349324906636024
t2.nii_wavelet2-LH_glszm_SmallAreaEmphasis,0.3693701506954884
t2.nii_wavelet2-LH_glszm_SmallAreaHighGrayLevelEmphasis,40.2762588481556
t2.nii_wavelet2-LH_glszm_SmallAreaLowGrayLevelEmphasis,0.00557870279623407
t2.nii_wavelet2-LH_glszm_ZoneEntropy,6.309288035448903
t2.nii_wavelet2-LH_glszm_ZonePercentage,0.10366032210834554
t2.nii_wavelet2-LH_glszm_ZoneVariance,1130.0193829997766
t2.nii_wavelet2-LH_ngtdm_Busyness,0.881312953803381
t2.nii_wavelet2-LH_ngtdm_Coarseness,0.003507490829536476
t2.nii_wavelet2-LH_ngtdm_Complexity,73.17384698688454
t2.nii_wavelet2-LH_ngtdm_Contrast,0.0044067491521634205
t2.nii_wavelet2-LH_ngtdm_Strength,1.0447186449746444
t2.nii_wavelet2-LL_firstorder_10Percentile,1.0792614250439212
t2.nii_wavelet2-LL_firstorder_90Percentile,2.716707951743304
t2.nii_wavelet2-LL_firstorder_Energy,14556.399693866948
t2.nii_wavelet2-LL_firstorder_Entropy,3.833521616158984
t2.nii_wavelet2-LL_firstorder_InterquartileRange,1.0419133053661223
t2.nii_wavelet2-LL_firstorder_Kurtosis,2.0852433958331122
t2.nii_wavelet2-LL_firstorder_Maximum,3.41921008852325
t2.nii_wavelet2-LL_firstorder_Mean,1.9666691143807575
t2.nii_wavelet2-LL_firstorder_MeanAbsoluteDeviation,0.5379861764927958
t2.nii_wavelet2-LL_firstorder_Median,2.069832841614881
t2.nii_wavelet2-LL_firstorder_Minimum,0.07504192124221155
t2.nii_wavelet2-LL_firstorder_Range,3.3441681672810386
t2.nii_wavelet2-LL_firstorder_RobustMeanAbsoluteDeviation,0.4194912724034171
t2.nii_wavelet2-LL_firstorder_RootMeanSquared,2.064579601127074
t2.nii_wavelet2-LL_firstorder_Skewness,-0.12639777100568617
t2.nii_wavelet2-LL_firstorder_TotalEnergy,12771.499365193931
t2.nii_wavelet2-LL_firstorder_Uniformity,0.07725789890008124
t2.nii_wavelet2-LL_firstorder_Variance,0.39470152393083596
t2.nii_wavelet2-LL_glcm_Autocorrelation,152.54601032841106
t2.nii_wavelet2-LL_glcm_ClusterProminence,6216.955792770281
t2.nii_wavelet2-LL_glcm_ClusterShade,-46.30091474280431
t2.nii_wavelet2-LL_glcm_ClusterTendency,55.38756337007017
t2.nii_wavelet2-LL_glcm_Contrast,0.9368422593986128
t2.nii_wavelet2-LL_glcm_Correlation,0.9666777268984733
t2.nii_wavelet2-LL_glcm_DifferenceAverage,0.5731187963321912
t2.nii_wavelet2-LL_glcm_DifferenceEntropy,1.379110781594441
t2.nii_wavelet2-LL_glcm_DifferenceVariance,0.5972094267864915
t2.nii_wavelet2-LL_glcm_Id,0.7559534560692401
t2.nii_wavelet2-LL_glcm_Idm,0.7453345823886212
t2.nii_wavelet2-LL_glcm_Idmn,0.9977091898473898
t2.nii_wavelet2-LL_glcm_Idn,0.9734390946027408
t2.nii_wavelet2-LL_glcm_Imc1,-0.5439922819569973
t2.nii_wavelet2-LL_glcm_Imc2,0.991470441628781
t2.nii_wavelet2-LL_glcm_InverseVariance,0.39492483826564584
t2.nii_wavelet2-LL_glcm_JointAverage,11.786995433751056
t2.nii_wavelet2-LL_glcm_JointEnergy,0.03058492431211661
t2.nii_wavelet2-LL_glcm_JointEntropy,5.5633323774326655
t2.nii_wavelet2-LL_glcm_MCC,0.9743077688174531
t2.nii_wavelet2-LL_glcm_MaximumProbability,0.07172892730765154
t2.nii_wavelet2-LL_glcm_SumAverage,23.57399086750211
t2.nii_wavelet2-LL_glcm_SumEntropy,4.75082591618442
t2.nii_wavelet2-LL_glcm_SumSquares,14.081101407367196
t2.nii_wavelet2-LL_gldm_DependenceEntropy,6.724273780469369
t2.nii_wavelet2-LL_gldm_DependenceNonUniformity,447.6635431918009
t2.nii_wavelet2-LL_gldm_DependenceNonUniformityNormalized,0.13108742113961958
t2.nii_wavelet2-LL_gldm_DependenceVariance,4.426830729127589
t2.nii_wavelet2-LL_gldm_GrayLevelNonUniformity,263.83572474377746
t2.nii_wavelet2-LL_gldm_GrayLevelVariance,14.234255813105989
t2.nii_wavelet2-LL_gldm_HighGrayLevelEmphasis,154.07613469985358
t2.nii_wavelet2-LL_gldm_LargeDependenceEmphasis,30.49809663250366
t2.nii_wavelet2-LL_gldm_LargeDependenceHighGrayLevelEmphasis,4902.592093704246
t2.nii_wavelet2-LL_gldm_LargeDependenceLowGrayLevelEmphasis,0.32656550225235204
t2.nii_wavelet2-LL_gldm_LowGrayLevelEmphasis,0.011672549439900226
t2.nii_wavelet2-LL_gldm_SmallDependenceEmphasis,0.08677919252132284
t2.nii_wavelet2-LL_gldm_SmallDependenceHighGrayLevelEmphasis,12.060802270072934
t2.nii_wavelet2-LL_gldm_SmallDependenceLowGrayLevelEmphasis,0.0011707809534476693
t2.nii_wavelet2-LL_glrlm_GrayLevelNonUniformity,125.87523923832697
t2.nii_wavelet2-LL_glrlm_GrayLevelNonUniformityNormalized,0.07577726536202511
t2.nii_wavelet2-LL_glrlm_GrayLevelVariance,13.444392738030075
t2.nii_wavelet2-LL_glrlm_HighGrayLevelRunEmphasis,148.4552569105752
t2.nii_wavelet2-LL_glrlm_LongRunEmphasis,7.371743579385032
t2.nii_wavelet2-LL_glrlm_LongRunHighGrayLevelEmphasis,1171.4475345819965
t2.nii_wavelet2-LL_glrlm_LongRunLowGrayLevelEmphasis,0.08078490108272915
t2.nii_wavelet2-LL_glrlm_LowGrayLevelRunEmphasis,0.0125126261877435
t2.nii_wavelet2-LL_glrlm_RunEntropy,5.748070580094998
t2.nii_wavelet2-LL_glrlm_RunLengthNonUniformity,600.1871295746441
t2.nii_wavelet2-LL_glrlm_RunLengthNonUniformityNormalized,0.3541230834226999
t2.nii_wavelet2-LL_glrlm_RunPercentage,0.48674963396778914
t2.nii_wavelet2-LL_glrlm_RunVariance,2.9842928748596513
t2.nii_wavelet2-LL_glrlm_ShortRunEmphasis,0.6052439004935665
t2.nii_wavelet2-LL_glrlm_ShortRunHighGrayLevelEmphasis,86.19361361009405
t2.nii_wavelet2-LL_glrlm_ShortRunLowGrayLevelEmphasis,0.008157702356196943
t2.nii_wavelet2-LL_glszm_GrayLevelNonUniformity,23.88888888888889
t2.nii_wavelet2-LL_glszm_GrayLevelNonUniformityNormalized,0.08294753086419752
t2.nii_wavelet2-LL_glszm_GrayLevelVariance,11.743332851080247
t2.nii_wavelet2-LL_glszm_HighGrayLevelZoneEmphasis,137.44791666666666
t2.nii_wavelet2-LL_glszm_LargeAreaEmphasis,715.65625
t2.nii_wavelet2-LL_glszm_LargeAreaHighGrayLevelEmphasis,113790.30555555556
t2.nii_wavelet2-LL_glszm_LargeAreaLowGrayLevelEmphasis,7.270776389941391
t2.nii_wavelet2-LL_glszm_LowGrayLevelZoneEmphasis,0.015422739145001967
t2.nii_wavelet2-LL_glszm_SizeZoneNonUniformity,40.104166666666664
t2.nii_wavelet2-LL_glszm_SizeZoneNonUniformityNormalized,0.1392505787037037
t2.nii_wavelet2-LL_glszm_SmallAreaEmphasis,0.34591693471744617
t2.nii_wavelet2-LL_glszm_SmallAreaHighGrayLevelEmphasis,42.803821155525775
t2.nii_wavelet2-LL_glszm_SmallAreaLowGrayLevelEmphasis,0.004480332465483152
t2.nii_wavelet2-LL_glszm_ZoneEntropy,6.568184922028499
t2.nii_wavelet2-LL_glszm_ZonePercentage,0.0843338213762811
t2.nii_wavelet2-LL_glszm_ZoneVariance,575.0526499807098
t2.nii_wavelet2-LL_ngtdm_Busyness,0.36825277534365264
t2.nii_wavelet2-LL_ngtdm_Coarseness,0.01227000351906062
t2.nii_wavelet2-LL_ngtdm_Complexity,52.04974537618521
t2.nii_wavelet2-LL_ngtdm_Contrast,0.024280271313695707
t2.nii_wavelet2-LL_ngtdm_Strength,1.7796107900392777
